<?xml version="1.0" ?>
<LOG_ROOT>
	<PROJECT NAME="Computer">
		<CBX_INST_ENTRY INSTANCE_NAME="|Computer|lpm_add_sub:Add4" CBX_FILE_NAME="add_sub_anh.tdf"/>
		<CBX_INST_ENTRY INSTANCE_NAME="|Computer|lpm_mux:Mux12" CBX_FILE_NAME="mux_fdc.tdf"/>
		<CBX_INST_ENTRY INSTANCE_NAME="|Computer|lpm_mux:Mux3" CBX_FILE_NAME="mux_qbc.tdf"/>
		<CBX_INST_ENTRY INSTANCE_NAME="|Computer|lpm_add_sub:Add1" CBX_FILE_NAME="add_sub_ojh.tdf"/>
		<CBX_INST_ENTRY INSTANCE_NAME="|Computer|lpm_add_sub:Add5" CBX_FILE_NAME="add_sub_9nh.tdf"/>
		<CBX_INST_ENTRY INSTANCE_NAME="|Computer|lpm_mux:Mux0" CBX_FILE_NAME="mux_qbc.tdf"/>
		<CBX_INST_ENTRY INSTANCE_NAME="|Computer|lpm_mux:Mux13" CBX_FILE_NAME="mux_fdc.tdf"/>
		<CBX_INST_ENTRY INSTANCE_NAME="|Computer|lpm_mux:Mux8" CBX_FILE_NAME="mux_fdc.tdf"/>
		<CBX_INST_ENTRY INSTANCE_NAME="|Computer|lpm_add_sub:Add2" CBX_FILE_NAME="add_sub_ojh.tdf"/>
		<CBX_INST_ENTRY INSTANCE_NAME="|Computer|lpm_add_sub:Add6" CBX_FILE_NAME="add_sub_bnh.tdf"/>
		<CBX_INST_ENTRY INSTANCE_NAME="|Computer|lpm_mux:Mux1" CBX_FILE_NAME="mux_qbc.tdf"/>
		<CBX_INST_ENTRY INSTANCE_NAME="|Computer|lpm_mux:Mux10" CBX_FILE_NAME="mux_fdc.tdf"/>
		<CBX_INST_ENTRY INSTANCE_NAME="|Computer|lpm_mux:Mux14" CBX_FILE_NAME="mux_fdc.tdf"/>
		<CBX_INST_ENTRY INSTANCE_NAME="|Computer|lpm_mux:Mux9" CBX_FILE_NAME="mux_fdc.tdf"/>
		<CBX_INST_ENTRY INSTANCE_NAME="|Computer|lpm_add_sub:Add3" CBX_FILE_NAME="add_sub_bnh.tdf"/>
		<CBX_INST_ENTRY INSTANCE_NAME="|Computer|lpm_add_sub:Add7" CBX_FILE_NAME="add_sub_bnh.tdf"/>
		<CBX_INST_ENTRY INSTANCE_NAME="|Computer|lpm_mux:Mux11" CBX_FILE_NAME="mux_fdc.tdf"/>
		<CBX_INST_ENTRY INSTANCE_NAME="|Computer|lpm_mux:Mux15" CBX_FILE_NAME="mux_fdc.tdf"/>
		<CBX_INST_ENTRY INSTANCE_NAME="|Computer|lpm_mux:Mux2" CBX_FILE_NAME="mux_qbc.tdf"/>
		<CBX_INST_ENTRY INSTANCE_NAME="|Computer|lpm_add_sub:Add0" CBX_FILE_NAME="add_sub_ojh.tdf"/>
	</PROJECT>
</LOG_ROOT>
